block,total,y0,y16,y32,y48,y64,y80,y96,y112,y128,y144,y160,y176,y192,y208,y224,y240
air,49491952,346805,580111,671034,695685,1583554,3779543,4104330,4176458,4194304,4194304,4194304,4194304,4194304,4194304,4194304,4194304
stone,8494756,0,0,3297585,3269507,1668257,197194,55739,6474,0,0,0,0,0,0,0,0
dirt,774474,0,0,0,8426,613479,124311,21481,6777,0,0,0,0,0,0,0,0
grass,202813,0,0,0,0,149587,44419,6528,2279,0,0,0,0,0,0,0,0
water,443769,150751,160037,110527,12600,9854,0,0,0,0,0,0,0,0,0,0,0
bedrock,262144,262144,0,0,0,0,0,0,0,0,0,0,0,0,0,0,0
wood,5983,0,0,0,0,3286,2335,292,70,0,0,0,0,0,0,0,0
leaves,61022,0,0,0,0,28770,28253,3131,868,0,0,0,0,0,0,0,0
sand,171937,1694,6954,11178,60631,78928,10650,1067,835,0,0,0,0,0,0,0,0
glass,0,0,0,0,0,0,0,0,0,0,0,0,0,0,0,0,0
coal_ore,43955,0,11,8390,24706,9099,1309,417,23,0,0,0,0,0,0,0,0
iron_ore,83162,9429,16364,38797,16872,1519,71,104,6,0,0,0,0,0,0,0,0
gold_ore,21063,5998,10960,4088,17,0,0,0,0,0,0,0,0,0,0,0,0
diamond_ore,28261,16250,11159,852,0,0,0,0,0,0,0,0,0,0,0,0,0
snow,0,0,0,0,0,0,0,0,0,0,0,0,0,0,0,0,0
grass_plant,9917,0,0,0,0,7069,2423,350,75,0,0,0,0,0,0,0,0
flower,2326,0,0,0,0,1653,572,84,17,0,0,0,0,0,0,0,0
torch,0,0,0,0,0,0,0,0,0,0,0,0,0,0,0,0,0
workbench,0,0,0,0,0,0,0,0,0,0,0,0,0,0,0,0,0
planks,0,0,0,0,0,0,0,0,0,0,0,0,0,0,0,0,0
water_flow_1,0,0,0,0,0,0,0,0,0,0,0,0,0,0,0,0,0
water_flow_2,0,0,0,0,0,0,0,0,0,0,0,0,0,0,0,0,0
water_flow_3,0,0,0,0,0,0,0,0,0,0,0,0,0,0,0,0,0
water_flow_4,0,0,0,0,0,0,0,0,0,0,0,0,0,0,0,0,0
water_flow_5,0,0,0,0,0,0,0,0,0,0,0,0,0,0,0,0,0
water_flow_6,0,0,0,0,0,0,0,0,0,0,0,0,0,0,0,0,0
water_flow_7,0,0,0,0,0,0,0,0,0,0,0,0,0,0,0,0,0
water_falling,0,0,0,0,0,0,0,0,0,0,0,0,0,0,0,0,0
gravel,3933,4,21,86,3822,0,0,0,0,0,0,0,0,0,0,0,0
sandstone,108595,1914,3849,10849,56329,31952,2611,675,416,0,0,0,0,0,0,0,0
deepslate,6700834,3317741,3383093,0,0,0,0,0,0,0,0,0,0,0,0,0,0
copper_ore,70292,0,2351,22517,37574,7181,595,74,0,0,0,0,0,0,0,0,0
lapis_ore,24138,3721,8141,8281,3920,75,0,0,0,0,0,0,0,0,0,0,0
redstone_ore,35809,23780,7959,4070,0,0,0,0,0,0,0,0,0,0,0,0,0
emerald_ore,147,0,3,13,34,41,18,32,6,0,0,0,0,0,0,0,0
tuff,14859,11581,3278,0,0,0,0,0,0,0,0,0,0,0,0,0,0
granite,10166,0,0,6000,4166,0,0,0,0,0,0,0,0,0,0,0,0
raw_iron,61,48,13,0,0,0,0,0,0,0,0,0,0,0,0,0,0
raw_copper,52,0,0,37,15,0,0,0,0,0,0,0,0,0,0,0,0
lava,42444,42444,0,0,0,0,0,0,0,0,0,0,0,0,0,0,0
